{
  "model_id": "Qwen/Qwen3-0.6B-Base",
  "n_prompts_attempted": 5,
  "n_prompts_processed": 5,
  "n_layers": 28,
  "d": 1024,
  "r": 3072,
  "k_frac": 0.3,
  "K": 921,
  "max_length": 128,
  "seed": 1,
  "timestamp": "2026-05-08T18:10:58.991774+00:00",
  "deja_vu_reference": "arXiv:2310.17157 (Liu et al., ICML 2023) \u2014 trained cross-layer MLP predictor on ReLU/OPT achieves 93-99% precision; this experiment is the SwiGLU + zero-overhead dot-product analog.",
  "per_layer": {
    "1": {
      "n_samples": 285,
      "precision_cross_mean": 0.3262662625103666,
      "precision_cross_p10": 0.31161782145500183,
      "precision_cross_p50": 0.32573288679122925,
      "precision_cross_p90": 0.34201955795288086,
      "precision_within_mean": 0.5690953785913032,
      "precision_within_p50": 0.5700325965881348,
      "cross_minus_within_mean": -0.2428291160809366,
      "cos_prev_mean": 0.058161291974318914,
      "cos_next_mean": 0.8792725638339394
    },
    "2": {
      "n_samples": 285,
      "precision_cross_mean": 0.5321827904174202,
      "precision_cross_p10": 0.5031487584114075,
      "precision_cross_p50": 0.5352877378463745,
      "precision_cross_p90": 0.5665580868721009,
      "precision_within_mean": 0.5705735568414655,
      "precision_within_p50": 0.5722041130065918,
      "cross_minus_within_mean": -0.038390766424045264,
      "cos_prev_mean": 0.8792725638339394,
      "cos_next_mean": 0.8925015404559018
    },
    "3": {
      "n_samples": 285,
      "precision_cross_mean": 0.4982684717889418,
      "precision_cross_p10": 0.4690553843975067,
      "precision_cross_p50": 0.5038002133369446,
      "precision_cross_p90": 0.5276873111724854,
      "precision_within_mean": 0.530209345566599,
      "precision_within_p50": 0.5320304036140442,
      "cross_minus_within_mean": -0.03194087377765725,
      "cos_prev_mean": 0.8925015404559018,
      "cos_next_mean": 0.8898982786295707
    },
    "4": {
      "n_samples": 285,
      "precision_cross_mean": 0.4706402266234682,
      "precision_cross_p10": 0.4369163870811462,
      "precision_cross_p50": 0.47014114260673523,
      "precision_cross_p90": 0.5059717893600464,
      "precision_within_mean": 0.49675981454681933,
      "precision_within_p50": 0.49728554487228394,
      "cross_minus_within_mean": -0.026119587923351117,
      "cos_prev_mean": 0.8898982786295707,
      "cos_next_mean": 0.8988946280981365
    },
    "5": {
      "n_samples": 285,
      "precision_cross_mean": 0.47439663065107246,
      "precision_cross_p10": 0.4397394061088562,
      "precision_cross_p50": 0.47339847683906555,
      "precision_cross_p90": 0.5105320334434509,
      "precision_within_mean": 0.5101624853778304,
      "precision_within_p50": 0.5114006400108337,
      "cross_minus_within_mean": -0.03576585472675792,
      "cos_prev_mean": 0.8988946280981365,
      "cos_next_mean": 0.9190620054278458
    },
    "6": {
      "n_samples": 285,
      "precision_cross_mean": 0.44852467848543537,
      "precision_cross_p10": 0.40217155814170835,
      "precision_cross_p50": 0.44951140880584717,
      "precision_cross_p90": 0.4866449534893036,
      "precision_within_mean": 0.4718631528971488,
      "precision_within_p50": 0.47339847683906555,
      "cross_minus_within_mean": -0.02333847441171344,
      "cos_prev_mean": 0.9190620054278458,
      "cos_next_mean": 0.9223943490731089
    },
    "7": {
      "n_samples": 285,
      "precision_cross_mean": 0.4611539699529347,
      "precision_cross_p10": 0.4141150951385498,
      "precision_cross_p50": 0.46145492792129517,
      "precision_cross_p90": 0.5027144551277161,
      "precision_within_mean": 0.5034725776889868,
      "precision_within_p50": 0.5038002133369446,
      "cross_minus_within_mean": -0.042318607736052116,
      "cos_prev_mean": 0.9223943490731089,
      "cos_next_mean": 0.925784903241877
    },
    "8": {
      "n_samples": 285,
      "precision_cross_mean": 0.3917100022890066,
      "precision_cross_p10": 0.3424538612365723,
      "precision_cross_p50": 0.3984799087047577,
      "precision_cross_p90": 0.4490770936012268,
      "precision_within_mean": 0.3975731942868024,
      "precision_within_p50": 0.40608033537864685,
      "cross_minus_within_mean": -0.00586319199779578,
      "cos_prev_mean": 0.925784903241877,
      "cos_next_mean": 0.9369615828781798
    },
    "9": {
      "n_samples": 285,
      "precision_cross_mean": 0.4388974611173596,
      "precision_cross_p10": 0.37828447818756106,
      "precision_cross_p50": 0.4419109523296356,
      "precision_cross_p90": 0.5016286373138428,
      "precision_within_mean": 0.45686801201418825,
      "precision_within_p50": 0.45819762349128723,
      "cross_minus_within_mean": -0.01797055089682864,
      "cos_prev_mean": 0.9369615828781798,
      "cos_next_mean": 0.930744284914251
    },
    "10": {
      "n_samples": 285,
      "precision_cross_mean": 0.4505171725624486,
      "precision_cross_p10": 0.3945711195468903,
      "precision_cross_p50": 0.4549402892589569,
      "precision_cross_p90": 0.49902280569076535,
      "precision_within_mean": 0.48672876483515687,
      "precision_within_p50": 0.4918566644191742,
      "cross_minus_within_mean": -0.03621159227270826,
      "cos_prev_mean": 0.930744284914251,
      "cos_next_mean": 0.9356404053537469
    },
    "11": {
      "n_samples": 285,
      "precision_cross_mean": 0.3640208023681975,
      "precision_cross_p10": 0.32464712858200073,
      "precision_cross_p50": 0.36699241399765015,
      "precision_cross_p90": 0.40390878915786743,
      "precision_within_mean": 0.37294702540364183,
      "precision_within_p50": 0.3735070526599884,
      "cross_minus_within_mean": -0.008926223035444325,
      "cos_prev_mean": 0.9356404053537469,
      "cos_next_mean": 0.9457974651403595
    },
    "12": {
      "n_samples": 285,
      "precision_cross_mean": 0.42610053942914594,
      "precision_cross_p10": 0.3843648135662079,
      "precision_cross_p50": 0.4267100989818573,
      "precision_cross_p90": 0.4647122621536255,
      "precision_within_mean": 0.44195287206716705,
      "precision_within_p50": 0.4419109523296356,
      "cross_minus_within_mean": -0.015852332638021105,
      "cos_prev_mean": 0.9457974651403595,
      "cos_next_mean": 0.9690011697903014
    },
    "13": {
      "n_samples": 285,
      "precision_cross_mean": 0.44161761633136815,
      "precision_cross_p10": 0.40716612339019775,
      "precision_cross_p50": 0.4386536478996277,
      "precision_cross_p90": 0.4805646002292633,
      "precision_within_mean": 0.45236870656933703,
      "precision_within_p50": 0.4505971670150757,
      "cross_minus_within_mean": -0.010751090237968886,
      "cos_prev_mean": 0.9690011697903014,
      "cos_next_mean": 0.9704278567381073
    },
    "14": {
      "n_samples": 285,
      "precision_cross_mean": 0.45969483946499073,
      "precision_cross_p10": 0.4288816452026367,
      "precision_cross_p50": 0.46036916971206665,
      "precision_cross_p90": 0.4925081372261047,
      "precision_within_mean": 0.47268224755922955,
      "precision_within_p50": 0.47231268882751465,
      "cross_minus_within_mean": -0.012987408094238817,
      "cos_prev_mean": 0.9704278567381073,
      "cos_next_mean": 0.9582506719388459
    },
    "15": {
      "n_samples": 285,
      "precision_cross_mean": 0.46494466327784356,
      "precision_cross_p10": 0.4238870799541473,
      "precision_cross_p50": 0.4657980501651764,
      "precision_cross_p90": 0.5114006400108337,
      "precision_within_mean": 0.481848486891964,
      "precision_within_p50": 0.4820846915245056,
      "cross_minus_within_mean": -0.01690382361412046,
      "cos_prev_mean": 0.9582506719388459,
      "cos_next_mean": 0.9565264982089662
    },
    "16": {
      "n_samples": 285,
      "precision_cross_mean": 0.49141855626775505,
      "precision_cross_p10": 0.45646036267280576,
      "precision_cross_p50": 0.4918566644191742,
      "precision_cross_p90": 0.524429976940155,