{
  "experiment": "R-RAOK-70B Rung 2",
  "model_id": "Qwen/Qwen3-1.7B-Base",
  "timestamp": "2026-05-09T11:42:00.956220+00:00",
  "elapsed_seconds": 1110.0020985603333,
  "n_layers": 28,
  "d_hidden": 2048,
  "tier0_k": 2,
  "tier1_k": 18,
  "tier2_k": 2028,
  "eval_n_tokens": 512,
  "eval_offsets": [
    0,
    512,
    1024
  ],
  "calib_n_prompts": 200,
  "b3_note": "B3: quantization applied to shared MLP block input (pre-W_gate/W_up split). Both projections receive same quantized activation.",
  "b4_note": "B4: INT4 scale = max_abs / 7 (NOT /8). Unit test PASSED inline.",
  "tier0_channels_per_layer": {
    "0": [
      329,
      2033
    ],
    "1": [
      425,
      1536
    ],
    "2": [
      1536,
      2033
    ],
    "3": [
      319,
      2033
    ],
    "4": [
      319,
      2033
    ],
    "5": [
      559,
      1945
    ],
    "6": [
      1485,
      1945
    ],
    "7": [
      1485,
      1945
    ],
    "8": [
      1485,
      1945
    ],
    "9": [
      1485,
      1945
    ],
    "10": [
      1485,
      1945
    ],
    "11": [
      1485,
      1945
    ],
    "12": [
      144,
      1485
    ],
    "13": [
      144,
      1485
    ],
    "14": [
      144,
      1485
    ],
    "15": [
      144,
      1485
    ],
    "16": [
      307,
      1485
    ],
    "17": [
      307,
      1485
    ],
    "18": [
      307,
      1485
    ],
    "19": [
      307,
      1485
    ],
    "20": [
      307,
      1485
    ],
    "21": [
      307,
      1485
    ],
    "22": [
      307,
      1485
    ],
    "23": [
      307,
      1485
    ],
    "24": [
      307,
      1485
    ],
    "25": [
      307,
      1485
    ],
    "26": [
      1401,
      1960
    ],
    "27": [
      784,
      1401
    ]
  },
  "tier1_static_channels_per_layer": {
    "0": [
      319,
      478,
      542,
      593,
      621,
      817,
      860,
      978,
      1017,
      1342,
      1388,
      1485,
      1536,
      1558,
      1683,
      1793,
      1905,
      1945
    ],
    "1": [
      160,
      181,
      319,
      329,
      499,
      542,
      559,
      661,
      1053,
      1183,
      1342,
      1388,
      1401,
      1485,
      1793,
      1905,
      1945,
      2033
    ],
    "2": [
      144,
      160,
      319,
      425,
      499,
      542,
      559,
      593,
      661,
      860,
      978,
      1053,
      1342,
      1388,
      1485,
      1839,
      1905,
      1945
    ],
    "3": [
      47,
      144,
      160,
      307,
      477,
      499,
      542,
      559,
      661,
      978,
      1053,
      1292,
      1342,
      1388,
      1485,
      1536,
      1839,
      1945
    ],
    "4": [
      144,
      160,
      307,
      499,
      542,
      559,
      661,
      744,
      978,
      1006,
      1292,
      1342,
      1388,
      1485,
      1536,
      1839,
      1905,
      1945
    ],
    "5": [
      144,
      160,
      166,
      307,
      319,
      542,
      744,
      978,
      1006,
      1292,
      1342,
      1388,
      1485,
      1536,
      1720,
      1839,
      1905,
      2033
    ],
    "6": [
      144,
      160,
      166,
      307,
      309,
      319,
      542,
      559,
      747,
      978,
      1006,
      1292,
      1342,
      1388,
      1536,
      1839,
      1905,
      2033
    ],
    "7": [
      144,
      307,
      309,
      319,
      542,
      559,
      744,
      747,
      978,
      1006,
      1292,
      1342,
      1388,
      1536,
      1720,
      1905,
      1999,
      2033
    ],
    "8": [
      144,
      166,
      307,
      309,
      319,
      542,
      559,
      744,
      747,
      978,
      1006,
      1292,
      1342,
      1388,
      1536,
      1720,
      1839,
      2033
    ],
    "9": [
      144,
      166,
      307,
      309,
      319,
      542,
      559,
      744,
      978,
      1006,
      1105,
      1292,
      1342,
      1388,
      1536,
      1720,
      1839,
      2033
    ],
    "10": [
      144,
      307,
      309,
      319,
      393,
      542,
      559,
      744,
      978,
      1006,
      1105,
      1292,
      1342,
      1388,
      1536,
      1720,
      1839,
      2033
    ],
    "11": [
      144,
      307,
      309,
      319,
      393,
      542,
      559,
      744,
      978,
      1006,
      1105,
      1292,
      1342,
      1388,
      1536,
      1720,
      1839,
      2033
    ],
    "12": [
      181,
      307,
      309,
      319,
      542,
      559,
      744,
      978,
      1006,
      1105,
      1292,
      1342,
      1388,
      1536,
      1720,
      1839,
      1945,
      2033
    ],
    "13": [
      181,
      307,
      309,
      319,
      393,
      542,
      559,
      744,
      978,
      1006,
      1292,
      1342,
      1388,
      1536,
      1720,
      1839,
      1945,
      2033
    ],
    "14": [
      47,
      181,
      307,
      309,
      542,
      559,
      744,
      784,
      978,
      1006,
      1292,
      1342,
      1388,
      1536,
      1720,
      1839,
      1945,
      2033
    ],
    "15": [
      47,
      181,
      307,
      309,
      393,
      542,
      744,
      784,
      978,
      1006,
      1292,
      1342,
      1388,
      1536,
      1720,
      1839,
      1945,
      2033
    ],
    "16": [
      47,
      144,
      181,
      309,
      542,
      559,
      744,
      784,
      978,
      1006,
      1105,
      1342,
      1388,
      1536,
      1720,
      1839,
      1945,
      2033
    ],
    "17": [
      47,
      144,
      309,
      539,
      542,
      559,
      744,
      784,
      978,
      1006,
      1292,
      1342,
      1388,
      1536,
      1720,
      1839,
      1945,
      1960
    ],
    "18": [
      47,
      97,
      144,
      309,
      539,
      542,
      559,
      744,
      784,
      978,
      1006,
      1342,
      1388,
      1536,
      1720,
      1793,
      1945,
      1960
    ],
    "19": [
      47,
      97,
      144,
      309,
      539,
      542,
      559,
      744,
      784,
      978,
      1006,
      1342,
      1388,
      1536,
      1720,
      1793,
      1945,
      1960
    ],
    "20": [
      47,
      89,
      97,
      144,
      542,
      559,
      744,
      784,
      978,
      1006,
      1292,
      1342,
      1388,
      1536,
      1720,
      1793,
      1945,
      1960
    ],
    "21": [
      47,
      89,
      144,
      539,
      559,
      744,
      784,
      978,
      1006,
      1292,
      1342,
      1388,
      1401,
      1446,
      1536,
      1720,
      1945,
      1960
    ],
    "22": [
      47,
      89,
      144,
      559,
      744,
      784,
      975,
      978,
      1006,
      1292,
      1342,
      1388,
      1401,
      1536,
      1720,
      1945,
      1960,
      2039
    ],
    "23": [
      47,
      89,
      144,
      559,
      744,
      784,
      978,
      1006,
      1185,
      1292,
      1342,
      1388,
      1401,
      1446,
      1536,
      1720,
      1945,
      1960
    ],
    "24": [
      47,
      89,
      144,
      559,
      744,
      784,
      978,
      1006,
      1185,
      1292,
      1342,
      1388,
      1401,
      1446,
      1536,
      1720,
      1945,
      1960
    ],
    "25": [
      89,
      144,
      425,
      578,
      744,
      784,
      978,
      1006,
      1185,
      1292,
      1342,
      1388,
      1401,
      1436,
      1446,
      1536,
      1720,
      1960
    ],
    "26": [
      49,
      89,
      144,
      307,
      425,
      559,
      744,
      784,
      978,
      1185,
      1269,
      1292,
      1342,
      1436,
      1446,
      1485,
      1536,
      1720
    ],