{
  "experiment": "R-RAOK-70B Rung 1",
  "model_id": "Qwen/Qwen3-1.7B-Base",
  "timestamp": "2026-05-09T06:44:44.068006+00:00",
  "elapsed_seconds": 1643.9325699806213,
  "n_layers": 28,
  "d_hidden": 2048,
  "all_layers_measured": [
    0,
    1,
    2,
    3,
    4,
    5,
    6,
    7,
    8,
    9,
    10,
    11,
    12,
    13,
    14,
    15,
    16,
    17,
    18,
    19,
    20,
    21,
    22,
    23,
    24,
    25,
    26,
    27
  ],
  "n_prompts": 200,
  "k_fracs": [
    0.001,
    0.01,
    0.05
  ],
  "b2_note": "H1 restated per amendment B2: this is the FIRST full 28-layer Jaccard measurement. CF3 was 7 sampled layers; Rung 1 extends, does not assume, that finding.",
  "b3_note": "Amendment B3: hooks capture MLP block INPUT (tensor before W_gate/W_up split). Both W_gate and W_up receive the same quantized activation in deployment.",
  "b4_note": "Amendment B4: INT4 scale-factor unit test (max_abs/7) PASSED in rraok_int4_unit_test.py.",
  "b1_note": "Amendment B1: random-init control uses torch.nn.init.normal_(std=0.02).",
  "per_layer_jaccard_k1pct": {
    "0": 0.22112755372833248,
    "1": 0.41078912467073875,
    "2": 0.32546007361038065,
    "3": 0.35000557642174757,
    "4": 0.38078482552030196,
    "5": 0.3697475426198085,
    "6": 0.39704702661386526,
    "7": 0.43773529492602753,
    "8": 0.41454057655418963,
    "9": 0.4356324392968431,
    "10": 0.4304105140868239,
    "11": 0.39126455789270265,
    "12": 0.393122549368594,
    "13": 0.40995977421925867,
    "14": 0.4209315645368504,
    "15": 0.43965144740115947,
    "16": 0.4206643464773818,
    "17": 0.40807435116833685,
    "18": 0.3993524158403949,
    "19": 0.37412735557489984,
    "20": 0.3422700063833999,
    "21": 0.3491913686595015,
    "22": 0.347726731663271,
    "23": 0.3403658604757805,
    "24": 0.3441898603266524,
    "25": 0.3652661420155286,
    "26": 0.41620224077621454,
    "27": 0.5311172609817373
  },
  "multi_k_mean_jaccard_all_layers": {
    "k0.001": 0.4919064116504963,
    "k0.010": 0.38789003495727703,
    "k0.050": 0.22357139202237758
  },
  "cf3_comparison": {
    "cf3_mean_7layer_k1pct": 0.31,
    "rung1_mean_28layer_k1pct": 0.3880985136360973,
    "delta_vs_cf3": 0.07809851363609732
  },
  "controls": {
    "permutation_k1pct_layer14": 0.0052734615510269724,
    "random_init_mean_k1pct_all_layers": 0.20954532555913905,
    "gap_trained_vs_perm": 0.38282505208507034,
    "gap_trained_vs_rand": 0.17855318807695827,
    "perm_control_pass": true,
    "rand_init_pass": true
  },
  "verdict": "GO",
  "verdict_note": "Jaccard@K=1% < 0.50 in 27/28 layers (96.4% >= 80% threshold). CF3 K-dependent dynamicity generalizes to all 28 layers. Proceed to Rung 2.",
  "go_threshold": "Jaccard@K=1% < 0.50 in >=80% of 28 layers",
  "nogo_threshold": "Jaccard@K=1% > 0.65 in >=30% of 28 layers",
  "n_layers_below_050": 27,
  "n_layers_above_065": 0,
  "frac_below_050": 0.9642857142857143,
  "frac_above_065": 0.0,
  "mean_k1pct_all_layers": 0.3880985136360973
}