{
  "model_id": "Qwen/Qwen3-1.7B-Base",
  "n_tokens": 7809,
  "d_model": 2048,
  "n_layers": 28,
  "probe_layers": [
    0,
    2,
    4,
    6,
    8,
    10,
    12,
    14,
    16,
    18,
    20,
    22,
    24,
    26,
    27
  ],
  "per_layer": {
    "0": {
      "layer": 0,
      "n_tokens": 7809,
      "PR": 57.99217987060547,
      "k_99": 276,
      "TwoNN_d": 2.8525543198232013,
      "PR_over_d": 0.028316494077444077,
      "k_99_over_d": 0.134765625,
      "TwoNN_d_over_d": 0.0013928487889761725
    },
    "2": {
      "layer": 2,
      "n_tokens": 7809,
      "PR": 3.530343532562256,
      "k_99": 287,
      "TwoNN_d": 4.489082487344973,
      "PR_over_d": 0.001723800553008914,
      "k_99_over_d": 0.14013671875,
      "TwoNN_d_over_d": 0.0021919348082739126
    },
    "4": {
      "layer": 4,
      "n_tokens": 7809,
      "PR": 1.0005877017974854,
      "k_99": 1,
      "TwoNN_d": 4.752529403184822,
      "PR_over_d": 0.0004885682137683034,
      "k_99_over_d": 0.00048828125,
      "TwoNN_d_over_d": 0.002320570997648839
    },
    "6": {
      "layer": 6,
      "n_tokens": 7809,
      "PR": 1.0011388063430786,
      "k_99": 1,
      "TwoNN_d": 3.72573415816671,
      "PR_over_d": 0.0004888373077847064,
      "k_99_over_d": 0.00048828125,
      "TwoNN_d_over_d": 0.001819206131917339
    },
    "8": {
      "layer": 8,
      "n_tokens": 7809,
      "PR": 1.0018672943115234,
      "k_99": 1,
      "TwoNN_d": 4.809993682168919,
      "PR_over_d": 0.0004891930148005486,
      "k_99_over_d": 0.00048828125,
      "TwoNN_d_over_d": 0.0023486297276215425
    },
    "10": {
      "layer": 10,
      "n_tokens": 7809,
      "PR": 1.0033117532730103,
      "k_99": 1,
      "TwoNN_d": 4.0450539684288,
      "PR_over_d": 0.000489898317027837,
      "k_99_over_d": 0.00048828125,
      "TwoNN_d_over_d": 0.001975124008021875
    },
    "12": {
      "layer": 12,
      "n_tokens": 7809,
      "PR": 1.0074971914291382,
      "k_99": 1,
      "TwoNN_d": 4.452200197871021,
      "PR_over_d": 0.0004919419880025089,
      "k_99_over_d": 0.00048828125,
      "TwoNN_d_over_d": 0.0021739258778667096
    },
    "14": {
      "layer": 14,
      "n_tokens": 7809,
      "PR": 1.0104576349258423,
      "k_99": 1,
      "TwoNN_d": 4.929292782983003,
      "PR_over_d": 0.0004933875170536339,
      "k_99_over_d": 0.00048828125,
      "TwoNN_d_over_d": 0.0024068812416909195
    },
    "16": {
      "layer": 16,
      "n_tokens": 7809,
      "PR": 1.0167189836502075,
      "k_99": 1,
      "TwoNN_d": 3.7609366437791394,
      "PR_over_d": 0.0004964448162354529,
      "k_99_over_d": 0.00048828125,
      "TwoNN_d_over_d": 0.001836394845595283
    },
    "18": {
      "layer": 18,
      "n_tokens": 7809,
      "PR": 1.0538405179977417,
      "k_99": 62,
      "TwoNN_d": 4.3309820164495285,
      "PR_over_d": 0.0005145705654285848,
      "k_99_over_d": 0.0302734375,
      "TwoNN_d_over_d": 0.0021147373127194963
    },
    "20": {
      "layer": 20,
      "n_tokens": 7809,
      "PR": 1.1618164777755737,
      "k_99": 170,
      "TwoNN_d": 5.658506754599333,
      "PR_over_d": 0.0005672932020388544,
      "k_99_over_d": 0.0830078125,
      "TwoNN_d_over_d": 0.0027629427512692057
    },
    "22": {
      "layer": 22,
      "n_tokens": 7809,
      "PR": 1.5030488967895508,
      "k_99": 251,
      "TwoNN_d": 3.966478237637616,
      "PR_over_d": 0.0007339105941355228,
      "k_99_over_d": 0.12255859375,
      "TwoNN_d_over_d": 0.0019367569519714923
    },
    "24": {
      "layer": 24,
      "n_tokens": 7809,
      "PR": 2.1401357650756836,
      "k_99": 287,
      "TwoNN_d": 4.0015002722451145,
      "PR_over_d": 0.0010449881665408611,
      "k_99_over_d": 0.14013671875,
      "TwoNN_d_over_d": 0.001953857554807185
    },
    "26": {
      "layer": 26,
      "n_tokens": 7809,
      "PR": 3.23508882522583,
      "k_99": 307,
      "TwoNN_d": 3.831866667990581,
      "PR_over_d": 0.0015796332154422998,
      "k_99_over_d": 0.14990234375,
      "TwoNN_d_over_d": 0.0018710286464797758
    },
    "27": {
      "layer": 27,
      "n_tokens": 7809,
      "PR": 3.891929864883423,
      "k_99": 309,
      "TwoNN_d": 6.097228919605933,
      "PR_over_d": 0.0019003563793376088,
      "k_99_over_d": 0.15087890625,
      "TwoNN_d_over_d": 0.0029771625584013345
    }
  },
  "timestamp": "2026-05-09T00:32:33.874815+00:00",
  "aggregate": {
    "median_PR_over_d_middle_layers": 0.0004933875170536339,
    "median_k99_over_d_middle_layers": 0.00048828125,
    "median_TwoNN_over_d_middle_layers": 0.0021147373127194963
  },
  "verdict": "GO \u2014 stratified geometry supported (median k_99/d < 0.7); green-light First-Principles E2/E3/E4"
}